{
  "federal": [
    { "name": "New Year's Day", "date": "2026-01-01", "day": "Thursday" },
    { "name": "Martin Luther King Jr. Day", "date": "2026-01-19", "day": "Monday" },
    { "name": "Presidents' Day", "date": "2026-02-16", "day": "Monday" },
    { "name": "Memorial Day", "date": "2026-05-25", "day": "Monday" },
    { "name": "Juneteenth", "date": "2026-06-19", "day": "Friday" },
    { "name": "Independence Day (Observed)", "date": "2026-07-03", "day": "Friday" },
    { "name": "Independence Day", "date": "2026-07-04", "day": "Saturday" },
    { "name": "Labor Day", "date": "2026-09-07", "day": "Monday" },
    { "name": "Columbus Day", "date": "2026-10-12", "day": "Monday" },
    { "name": "Veterans Day", "date": "2026-11-11", "day": "Wednesday" },
    { "name": "Thanksgiving Day", "date": "2026-11-26", "day": "Thursday" },
    { "name": "Day After Thanksgiving", "date": "2026-11-27", "day": "Friday" },
    { "name": "Christmas Eve", "date": "2026-12-24", "day": "Thursday" },
    { "name": "Christmas Day", "date": "2026-12-25", "day": "Friday" }
  ],
  "common_observances": [
    { "name": "Valentine's Day", "date": "2026-02-14" },
    { "name": "St. Patrick's Day", "date": "2026-03-17" },
    { "name": "Easter", "date": "2026-04-05" },
    { "name": "Mother's Day", "date": "2026-05-10" },
    { "name": "Father's Day", "date": "2026-06-21" },
    { "name": "Halloween", "date": "2026-10-31" },
    { "name": "New Year's Eve", "date": "2026-12-31" }
  ],
  "state_holidays": {
    "AL": [{ "name": "Robert E. Lee Day", "date": "2026-01-19" }, { "name": "Confederate Memorial Day", "date": "2026-04-27" }],
    "AK": [{ "name": "Alaska Day", "date": "2026-10-18" }, { "name": "Seward's Day", "date": "2026-03-30" }],
    "AZ": [],
    "AR": [],
    "CA": [{ "name": "César Chávez Day", "date": "2026-03-31" }],
    "CO": [],
    "CT": [{ "name": "Good Friday", "date": "2026-04-03" }],
    "DE": [{ "name": "Good Friday", "date": "2026-04-03" }],
    "FL": [],
    "GA": [{ "name": "Confederate Memorial Day", "date": "2026-04-27" }],
    "HI": [{ "name": "Prince Kuhio Day", "date": "2026-03-26" }, { "name": "King Kamehameha Day", "date": "2026-06-11" }, { "name": "Statehood Day", "date": "2026-08-21" }],
    "ID": [],
    "IL": [{ "name": "Lincoln's Birthday", "date": "2026-02-12" }, { "name": "Casimir Pulaski Day", "date": "2026-03-02" }],
    "IN": [{ "name": "Good Friday", "date": "2026-04-03" }, { "name": "Primary Election Day", "date": "2026-05-05" }],
    "IA": [],
    "KS": [],
    "KY": [{ "name": "Good Friday", "date": "2026-04-03" }],
    "LA": [{ "name": "Mardi Gras", "date": "2026-02-17" }, { "name": "Good Friday", "date": "2026-04-03" }],
    "ME": [{ "name": "Patriots' Day", "date": "2026-04-20" }],
    "MD": [{ "name": "American Indian Heritage Day", "date": "2026-11-27" }],
    "MA": [{ "name": "Patriots' Day", "date": "2026-04-20" }, { "name": "Evacuation Day", "date": "2026-03-17" }],
    "MI": [],
    "MN": [],
    "MS": [{ "name": "Confederate Memorial Day", "date": "2026-04-27" }],
    "MO": [{ "name": "Truman Day", "date": "2026-05-08" }],
    "MT": [],
    "NE": [{ "name": "Arbor Day", "date": "2026-04-24" }],
    "NV": [{ "name": "Nevada Day", "date": "2026-10-30" }, { "name": "Family Day", "date": "2026-11-27" }],
    "NH": [],
    "NJ": [{ "name": "Good Friday", "date": "2026-04-03" }],
    "NM": [],
    "NY": [{ "name": "Lincoln's Birthday", "date": "2026-02-12" }, { "name": "Election Day", "date": "2026-11-03" }],
    "NC": [{ "name": "Good Friday", "date": "2026-04-03" }],
    "ND": [],
    "OH": [],
    "OK": [],
    "OR": [],
    "PA": [],
    "RI": [{ "name": "Victory Day", "date": "2026-08-10" }],
    "SC": [{ "name": "Confederate Memorial Day", "date": "2026-05-11" }],
    "SD": [{ "name": "Native Americans' Day", "date": "2026-10-12" }],
    "TN": [{ "name": "Good Friday", "date": "2026-04-03" }],
    "TX": [{ "name": "Texas Independence Day", "date": "2026-03-02" }, { "name": "San Jacinto Day", "date": "2026-04-21" }, { "name": "Emancipation Day", "date": "2026-06-19" }, { "name": "LBJ Day", "date": "2026-08-27" }, { "name": "Day After Thanksgiving", "date": "2026-11-27" }],
    "UT": [{ "name": "Pioneer Day", "date": "2026-07-24" }],
    "VT": [{ "name": "Town Meeting Day", "date": "2026-03-03" }, { "name": "Bennington Battle Day", "date": "2026-08-16" }],
    "VA": [{ "name": "Lee-Jackson Day", "date": "2026-01-16" }],
    "WA": [],
    "WV": [{ "name": "West Virginia Day", "date": "2026-06-20" }],
    "WI": [],
    "WY": [],
    "DC": [{ "name": "Emancipation Day", "date": "2026-04-16" }, { "name": "Inauguration Day", "date": "2026-01-20" }]
  }
}
